Workbook

Sheet Dashboard

Sheet Applicant
A1: ApplicantID | B1: Business Name | C1: Industry | D1: Years In Business | E1: Annual Revenue | F1: Employees | G1: Prior Claims | H1: Total Losses | I1: Requested Limit | J1: Safety Program | K1: Prior Cancellation | L1: Property Condition
A2: A01 | B2: Olivia's Café | C2: Restaurant | D2: 1 | E2: 300000 | F2: 5 | G2: 0 | H2: 0 | I2: 100000 | J2: No | K2: No | L2: Good
A3: A02 | B3: Speedy's Food Delivery | C3: Delivery | D3: 5 | E3: 450000 | F3: 7 | G3: 2 | H3: 15000 | I3: 100000 | J3: Partial | K3: Yes | L3: Poor
A4: A03 | B4: Fara | C4: Clothing | D4: 6 | E4: 800000 | F4: 15 | G4: 3 | H4: 35000 | I4: 100000 | J4: Partial | K4: Yes | L4: Average
A5: A04 | B5: Corner Street Market | C5: Retail | D5: 3 | E5: 200000 | F5: 3 | G5: 1 | H5: 8000 | I5: 100000 | J5: No | K5: No | L5: Poor
A6: A05 | B6: Tony's Pizza | C6: Restaurant | D6: 4 | E6: 350000 | F6: 5 | G6: 3 | H6: 45000 | I6: 100000 | J6: No | K6: Yes | L6: Good
A7: A06 | B7: Shop Online | C7: E-Commerce | D7: 8 | E7: 1200000 | F7: 25 | G7: 4 | H7: 80000 | I7: 200000 | J7: Yes | K7: No | L7: Average
A8: A07 | B8: Pear | C8: Consumer Electronics | D8: 10 | E8: 1500000 | F8: 28 | G8: 1 | H8: 7000 | I8: 200000 | J8: Yes | K8: Yes | L8: Average
A9: A08 | B9: Quick Fix Auto Repair | C9: Auto Repair | D9: 2 | E9: 450000 | F9: 8 | G9: 2 | H9: 25000 | I9: 100000 | J9: No | K9: Yes | L9: Good
A10: A09 | B10: TNT | C10: Automotive | D10: 7 | E10: 2500000 | F10: 35 | G10: 3 | H10: 45000 | I10: 200000 | J10: Yes | K10: No | L10: Average
A11: A10 | B11: Taco King | C11: Fast Food | D11: 9 | E11: 950000 | F11: 12 | G11: 2 | H11: 12000 | I11: 200000 | J11: Partial | K11: Yes | L11: Poor

Sheet Guidelines
A1: Risk Factor | B1: Low Risk | C1: Low Risk Score | D1: Medium Risk | E1: Medium Risk Score | F1: High Risk | G1: High Risk Score
A2: Years in Business | B2: 7+ years | C2: 1 | D2: 3-6 years | E2: 3 | F2: 0-2 years | G2: 5
A3: Prior Claims | B3: 0 claims | C3: 1 | D3: 1-2 claims | E3: 2 | F3: 3+ claims | G3: 4
A4: Total Losses | B4: $0-$15,000 | C4: 1 | D4: $15,001-$40,000 | E4: 2 | F4: $40,001+ | G4: 5
A5: Safety Program | B5: Yes | C5: 1 | D5: Partial | E5: 2 | F5: No | G5: 3
A6: Prior Cancellation | B6: No | C6: 1 | D6: - | E6: - | F6: Yes | G6: 2
A7: Property Condition | B7: Good | C7: 1 | D7: Average | E7: 2 | F7: Poor | G7: 4
A8: Industry | B8: Clothing/Automotive/Fast Food | C8: 1 | D8: Restaurant/Delivery/Retail | E8: 3 | F8: E-Commerce/Consumer Electronics/Auto Repair | G8: 5
A9: Annual Revenue | B9: $0-$400,000 | C9: 1 | D9: $400,001-$1,000,000 | E9: 2 | F9: $1,000,001+ | G9: 3
A10: Employees | B10: 0-10 | C10: 1 | D10: 11-20 | E10: 2 | F10: 21+ | G10: 3
A11: Requested Limit | B11: 100000 | C11: 1 | D11: - | E11: - | F11: 200000 | G11: 3
A14: Risk Tiers | B14: Total Risk Score
A15: Low Risk | B15: 0-20
A16: Medium Risk | B16: 21-23
A17: High Risk | B17: 24+
A20: Conditions | B20: Underwriting Decisions
A21: Low Risk | B21: Approve
A22: Medium Risk and 8+ Years in Business | B22: Approve
A23: Medium Risk and less than 8 Years in Business | B23: Refer to Senior Underwriter
A24: High Risk | B24: Decline

Sheet Underwriting Review Tab
A1: ApplicantID | B1: Business Name | C1: Industry | D1: Years In Business | E1: Annual Revenue | F1: Employees | G1: Prior Claims | H1: Total Losses | I1: Requested Limit | J1: Safety Program | K1: Prior Cancellation | L1: Property Condition | M1: Industry Risk Score | N1: Years In Business Risk Score | O1: Annual Revenue Risk Score | P1: Employees Risk Score | Q1: Prior Claims Risk Score | R1: Total Losses Risk Score | S1: Requested Limit Risk Score | T1: Safety Program Risk Score | U1: Prior Cancellation Risk Score | V1: Property Condition Risk Score | W1: Total Risk Score | X1: Risk Tier | Y1: Underwriting Decision | Z1: Underwritng Notes
A2: A01 | B2: Olivia's Café | C2: Restaurant | D2: 1 | E2: 300000 | F2: 5 | G2: 0 | H2: 0 | I2: 100000 | J2: No | K2: No | L2: Good | M2: {=_xlfn.IFS(OR(Table14[[#This Row],[Industry]]="Automotive",Table14[[#This Row],[Industry]]="Clothing",Table14[[#This Row],[Industry]]="Fast Food"),Guidelines!$C$8,OR(Table14[[#This Row],[Industry]]="Restaurant",Table14[[#This Row],[Industry]]="Retail",Table14[[#This Row],[Industry]]="Delivery"),Guidelines!$E$8,OR(Table14[[#This Row],[Industry]]="Consumer Electronics",Table14[[#This Row],[Industry]]="Auto Repair",Table14[[#This Row],[Industry]]="E-Commerce"),Guidelines!$G$8)} -> 3 | N2: {=_xlfn.IFS(Table14[[#This Row],[Years In Business]]<=2,Guidelines!$G$2,Table14[[#This Row],[Years In Business]]<=6,Guidelines!$E$2,Table14[[#This Row],[Years In Business]]>=7,Guidelines!$C$2)} -> 5 | O2: {=_xlfn.IFS(Table14[[#This Row],[Annual Revenue]]<=400000,Guidelines!$C$9,Table14[[#This Row],[Annual Revenue]]<=1000000,Guidelines!$E$9,Table14[[#This Row],[Annual Revenue]]>=1000001,Guidelines!$G$9)} -> 1 | P2: {=_xlfn.IFS(Table14[[#This Row],[Employees]]<=10,Guidelines!$C$10,Table14[[#This Row],[Employees]]<=20,Guidelines!$E$10,Table14[[#This Row],[Employees]]>=21,Guidelines!$G$10)} -> 1 | Q2: {=_xlfn.IFS(Table14[[#This Row],[Prior Claims]]=0,Guidelines!$C$3,Table14[[#This Row],[Prior Claims]]<=2,Guidelines!$E$3,Table14[[#This Row],[Prior Claims]]>=3,Guidelines!$G$3)} -> 1 | R2: {=_xlfn.IFS(Table14[[#This Row],[Total Losses]]<=15000,Guidelines!$C$4,Table14[[#This Row],[Total Losses]]<=40000,Guidelines!$E$4,Table14[[#This Row],[Total Losses]]>=40001,Guidelines!$G$4)} -> 1 | S2: {=_xlfn.IFS(Table14[[#This Row],[Requested Limit]]=100000,Guidelines!$C$11,Table14[[#This Row],[Requested Limit]]=200000,Guidelines!$G$11)} -> 1 | T2: {=_xlfn.IFS(Table14[[#This Row],[Safety Program]]="Yes",Guidelines!$C$5,Table14[[#This Row],[Safety Program]]="Partial",Guidelines!$E$5,Table14[[#This Row],[Safety Program]]="No",Guidelines!$G$5)} -> 3 | U2: {=_xlfn.IFS(Table14[[#This Row],[Prior Cancellation]]="No",Guidelines!$C$6,Table14[[#This Row],[Prior Cancellation]]="Yes",Guidelines!$G$6)} -> 1 | V2: {=_xlfn.IFS(Table14[[#This Row],[Property Condition]]="Good",Guidelines!$C$7,Table14[[#This Row],[Property Condition]]="Average",Guidelines!$E$7,Table14[[#This Row],[Property Condition]]="Poor",Guidelines!$G$7)} -> 1 | W2: =SUM(Table14[[#This Row],[Industry Risk Score]:[Property Condition Risk Score]]) -> 18 | X2: {=_xlfn.IFS(Table14[[#This Row],[Total Risk Score]]<=20,"Low Risk",Table14[[#This Row],[Total Risk Score]]<=23,"Medium Risk",Table14[[#This Row],[Total Risk Score]]>=24,"High Risk")} -> Low Risk | Y2: {=_xlfn.IFS(Table14[[#This Row],[Risk Tier]]="Low Risk", "Approve",AND(Table14[[#This Row],[Risk Tier]]="Medium Risk",Table14[[#This Row],[Years In Business]]>=8),"Approve",AND(Table14[[#This Row],[Risk Tier]]="Medium Risk",Table14[[#This Row],[Years In Business]]<=7),"Refer to Senior Underwriter",Table14[[#This Row],[Risk Tier]]="High Risk","Decline")} -> Approve | Z2: {=_xlfn.IFS(Table14[[#This Row],[Underwriting Decision]]="Approve","Acceptable risk based on overall risk factors",Table14[[#This Row],[Underwriting Decision]]="Refer to Senior Underwriter","Risk level is close to approval threshold. Senior Underwriter needs to approve this.",Table14[[#This Row],[Underwriting Decision]]="Decline", "Risk level is too high based on risk factors")} -> Acceptable risk based on overall risk factors
A3: A02 | B3: Speedy's Food Delivery | C3: Delivery | D3: 5 | E3: 450000 | F3: 7 | G3: 2 | H3: 15000 | I3: 100000 | J3: Partial | K3: Yes | L3: Poor | M3: {=_xlfn.IFS(OR(Table14[[#This Row],[Industry]]="Automotive",Table14[[#This Row],[Industry]]="Clothing",Table14[[#This Row],[Industry]]="Fast Food"),Guidelines!$C$8,OR(Table14[[#This Row],[Industry]]="Restaurant",Table14[[#This Row],[Industry]]="Retail",Table14[[#This Row],[Industry]]="Delivery"),Guidelines!$E$8,OR(Table14[[#This Row],[Industry]]="Consumer Electronics",Table14[[#This Row],[Industry]]="Auto Repair",Table14[[#This Row],[Industry]]="E-Commerce"),Guidelines!$G$8)} -> 3 | N3: {=_xlfn.IFS(Table14[[#This Row],[Years In Business]]<=2,Guidelines!$G$2,Table14[[#This Row],[Years In Business]]<=6,Guidelines!$E$2,Table14[[#This Row],[Years In Business]]>=7,Guidelines!$C$2)} -> 3 | O3: {=_xlfn.IFS(Table14[[#This Row],[Annual Revenue]]<=400000,Guidelines!$C$9,Table14[[#This Row],[Annual Revenue]]<=1000000,Guidelines!$E$9,Table14[[#This Row],[Annual Revenue]]>=1000001,Guidelines!$G$9)} -> 2 | P3: {=_xlfn.IFS(Table14[[#This Row],[Employees]]<=10,Guidelines!$C$10,Table14[[#This Row],[Employees]]<=20,Guidelines!$E$10,Table14[[#This Row],[Employees]]>=21,Guidelines!$G$10)} -> 1 | Q3: {=_xlfn.IFS(Table14[[#This Row],[Prior Claims]]=0,Guidelines!$C$3,Table14[[#This Row],[Prior Claims]]<=2,Guidelines!$E$3,Table14[[#This Row],[Prior Claims]]>=3,Guidelines!$G$3)} -> 2 | R3: {=_xlfn.IFS(Table14[[#This Row],[Total Losses]]<=15000,Guidelines!$C$4,Table14[[#This Row],[Total Losses]]<=40000,Guidelines!$E$4,Table14[[#This Row],[Total Losses]]>=40001,Guidelines!$G$4)} -> 1 | S3: {=_xlfn.IFS(Table14[[#This Row],[Requested Limit]]=100000,Guidelines!$C$11,Table14[[#This Row],[Requested Limit]]=200000,Guidelines!$G$11)} -> 1 | T3: {=_xlfn.IFS(Table14[[#This Row],[Safety Program]]="Yes",Guidelines!$C$5,Table14[[#This Row],[Safety Program]]="Partial",Guidelines!$E$5,Table14[[#This Row],[Safety Program]]="No",Guidelines!$G$5)} -> 2 | U3: {=_xlfn.IFS(Table14[[#This Row],[Prior Cancellation]]="No",Guidelines!$C$6,Table14[[#This Row],[Prior Cancellation]]="Yes",Guidelines!$G$6)} -> 2 | V3: {=_xlfn.IFS(Table14[[#This Row],[Property Condition]]="Good",Guidelines!$C$7,Table14[[#This Row],[Property Condition]]="Average",Guidelines!$E$7,Table14[[#This Row],[Property Condition]]="Poor",Guidelines!$G$7)} -> 4 | W3: =SUM(Table14[[#This Row],[Industry Risk Score]:[Property Condition Risk Score]]) -> 21 | X3: {=_xlfn.IFS(Table14[[#This Row],[Total Risk Score]]<=20,"Low Risk",Table14[[#This Row],[Total Risk Score]]<=23,"Medium Risk",Table14[[#This Row],[Total Risk Score]]>=24,"High Risk")} -> Medium Risk | Y3: {=_xlfn.IFS(Table14[[#This Row],[Risk Tier]]="Low Risk", "Approve",AND(Table14[[#This Row],[Risk Tier]]="Medium Risk",Table14[[#This Row],[Years In Business]]>=8),"Approve",AND(Table14[[#This Row],[Risk Tier]]="Medium Risk",Table14[[#This Row],[Years In Business]]<=7),"Refer to Senior Underwriter",Table14[[#This Row],[Risk Tier]]="High Risk","Decline")} -> Refer to Senior Underwriter | Z3: {=_xlfn.IFS(Table14[[#This Row],[Underwriting Decision]]="Approve","Acceptable risk based on overall risk factors",Table14[[#This Row],[Underwriting Decision]]="Refer to Senior Underwriter","Risk level is close to approval threshold. Senior Underwriter needs to approve this.",Table14[[#This Row],[Underwriting Decision]]="Decline", "Risk level is too high based on risk factors")} -> Risk level is close to approval threshold. Senior Underwriter needs to approve this.
A4: A03 | B4: Fara | C4: Clothing | D4: 6 | E4: 800000 | F4: 15 | G4: 3 | H4: 35000 | I4: 100000 | J4: Partial | K4: Yes | L4: Average | M4: {=_xlfn.IFS(OR(Table14[[#This Row],[Industry]]="Automotive",Table14[[#This Row],[Industry]]="Clothing",Table14[[#This Row],[Industry]]="Fast Food"),Guidelines!$C$8,OR(Table14[[#This Row],[Industry]]="Restaurant",Table14[[#This Row],[Industry]]="Retail",Table14[[#This Row],[Industry]]="Delivery"),Guidelines!$E$8,OR(Table14[[#This Row],[Industry]]="Consumer Electronics",Table14[[#This Row],[Industry]]="Auto Repair",Table14[[#This Row],[Industry]]="E-Commerce"),Guidelines!$G$8)} -> 1 | N4: {=_xlfn.IFS(Table14[[#This Row],[Years In Business]]<=2,Guidelines!$G$2,Table14[[#This Row],[Years In Business]]<=6,Guidelines!$E$2,Table14[[#This Row],[Years In Business]]>=7,Guidelines!$C$2)} -> 3 | O4: {=_xlfn.IFS(Table14[[#This Row],[Annual Revenue]]<=400000,Guidelines!$C$9,Table14[[#This Row],[Annual Revenue]]<=1000000,Guidelines!$E$9,Table14[[#This Row],[Annual Revenue]]>=1000001,Guidelines!$G$9)} -> 2 | P4: {=_xlfn.IFS(Table14[[#This Row],[Employees]]<=10,Guidelines!$C$10,Table14[[#This Row],[Employees]]<=20,Guidelines!$E$10,Table14[[#This Row],[Employees]]>=21,Guidelines!$G$10)} -> 2 | Q4: {=_xlfn.IFS(Table14[[#This Row],[Prior Claims]]=0,Guidelines!$C$3,Table14[[#This Row],[Prior Claims]]<=2,Guidelines!$E$3,Table14[[#This Row],[Prior Claims]]>=3,Guidelines!$G$3)} -> 4 | R4: {=_xlfn.IFS(Table14[[#This Row],[Total Losses]]<=15000,Guidelines!$C$4,Table14[[#This Row],[Total Losses]]<=40000,Guidelines!$E$4,Table14[[#This Row],[Total Losses]]>=40001,Guidelines!$G$4)} -> 2 | S4: {=_xlfn.IFS(Table14[[#This Row],[Requested Limit]]=100000,Guidelines!$C$11,Table14[[#This Row],[Requested Limit]]=200000,Guidelines!$G$11)} -> 1 | T4: {=_xlfn.IFS(Table14[[#This Row],[Safety Program]]="Yes",Guidelines!$C$5,Table14[[#This Row],[Safety Program]]="Partial",Guidelines!$E$5,Table14[[#This Row],[Safety Program]]="No",Guidelines!$G$5)} -> 2 | U4: {=_xlfn.IFS(Table14[[#This Row],[Prior Cancellation]]="No",Guidelines!$C$6,Table14[[#This Row],[Prior Cancellation]]="Yes",Guidelines!$G$6)} -> 2 | V4: {=_xlfn.IFS(Table14[[#This Row],[Property Condition]]="Good",Guidelines!$C$7,Table14[[#This Row],[Property Condition]]="Average",Guidelines!$E$7,Table14[[#This Row],[Property Condition]]="Poor",Guidelines!$G$7)} -> 2 | W4: =SUM(Table14[[#This Row],[Industry Risk Score]:[Property Condition Risk Score]]) -> 21 | X4: {=_xlfn.IFS(Table14[[#This Row],[Total Risk Score]]<=20,"Low Risk",Table14[[#This Row],[Total Risk Score]]<=23,"Medium Risk",Table14[[#This Row],[Total Risk Score]]>=24,"High Risk")} -> Medium Risk | Y4: {=_xlfn.IFS(Table14[[#This Row],[Risk Tier]]="Low Risk", "Approve",AND(Table14[[#This Row],[Risk Tier]]="Medium Risk",Table14[[#This Row],[Years In Business]]>=8),"Approve",AND(Table14[[#This Row],[Risk Tier]]="Medium Risk",Table14[[#This Row],[Years In Business]]<=7),"Refer to Senior Underwriter",Table14[[#This Row],[Risk Tier]]="High Risk","Decline")} -> Refer to Senior Underwriter | Z4: {=_xlfn.IFS(Table14[[#This Row],[Underwriting Decision]]="Approve","Acceptable risk based on overall risk factors",Table14[[#This Row],[Underwriting Decision]]="Refer to Senior Underwriter","Risk level is close to approval threshold. Senior Underwriter needs to approve this.",Table14[[#This Row],[Underwriting Decision]]="Decline", "Risk level is too high based on risk factors")} -> Risk level is close to approval threshold. Senior Underwriter needs to approve this.
A5: A04 | B5: Corner Street Market | C5: Retail | D5: 3 | E5: 200000 | F5: 3 | G5: 1 | H5: 8000 | I5: 100000 | J5: No | K5: No | L5: Poor | M5: {=_xlfn.IFS(OR(Table14[[#This Row],[Industry]]="Automotive",Table14[[#This Row],[Industry]]="Clothing",Table14[[#This Row],[Industry]]="Fast Food"),Guidelines!$C$8,OR(Table14[[#This Row],[Industry]]="Restaurant",Table14[[#This Row],[Industry]]="Retail",Table14[[#This Row],[Industry]]="Delivery"),Guidelines!$E$8,OR(Table14[[#This Row],[Industry]]="Consumer Electronics",Table14[[#This Row],[Industry]]="Auto Repair",Table14[[#This Row],[Industry]]="E-Commerce"),Guidelines!$G$8)} -> 3 | N5: {=_xlfn.IFS(Table14[[#This Row],[Years In Business]]<=2,Guidelines!$G$2,Table14[[#This Row],[Years In Business]]<=6,Guidelines!$E$2,Table14[[#This Row],[Years In Business]]>=7,Guidelines!$C$2)} -> 3 | O5: {=_xlfn.IFS(Table14[[#This Row],[Annual Revenue]]<=400000,Guidelines!$C$9,Table14[[#This Row],[Annual Revenue]]<=1000000,Guidelines!$E$9,Table14[[#This Row],[Annual Revenue]]>=1000001,Guidelines!$G$9)} -> 1 | P5: {=_xlfn.IFS(Table14[[#This Row],[Employees]]<=10,Guidelines!$C$10,Table14[[#This Row],[Employees]]<=20,Guidelines!$E$10,Table14[[#This Row],[Employees]]>=21,Guidelines!$G$10)} -> 1 | Q5: {=_xlfn.IFS(Table14[[#This Row],[Prior Claims]]=0,Guidelines!$C$3,Table14[[#This Row],[Prior Claims]]<=2,Guidelines!$E$3,Table14[[#This Row],[Prior Claims]]>=3,Guidelines!$G$3)} -> 2 | R5: {=_xlfn.IFS(Table14[[#This Row],[Total Losses]]<=15000,Guidelines!$C$4,Table14[[#This Row],[Total Losses]]<=40000,Guidelines!$E$4,Table14[[#This Row],[Total Losses]]>=40001,Guidelines!$G$4)} -> 1 | S5: {=_xlfn.IFS(Table14[[#This Row],[Requested Limit]]=100000,Guidelines!$C$11,Table14[[#This Row],[Requested Limit]]=200000,Guidelines!$G$11)} -> 1 | T5: {=_xlfn.IFS(Table14[[#This Row],[Safety Program]]="Yes",Guidelines!$C$5,Table14[[#This Row],[Safety Program]]="Partial",Guidelines!$E$5,Table14[[#This Row],[Safety Program]]="No",Guidelines!$G$5)} -> 3 | U5: {=_xlfn.IFS(Table14[[#This Row],[Prior Cancellation]]="No",Guidelines!$C$6,Table14[[#This Row],[Prior Cancellation]]="Yes",Guidelines!$G$6)} -> 1 | V5: {=_xlfn.IFS(Table14[[#This Row],[Property Condition]]="Good",Guidelines!$C$7,Table14[[#This Row],[Property Condition]]="Average",Guidelines!$E$7,Table14[[#This Row],[Property Condition]]="Poor",Guidelines!$G$7)} -> 4 | W5: =SUM(Table14[[#This Row],[Industry Risk Score]:[Property Condition Risk Score]]) -> 20 | X5: {=_xlfn.IFS(Table14[[#This Row],[Total Risk Score]]<=20,"Low Risk",Table14[[#This Row],[Total Risk Score]]<=23,"Medium Risk",Table14[[#This Row],[Total Risk Score]]>=24,"High Risk")} -> Low Risk | Y5: {=_xlfn.IFS(Table14[[#This Row],[Risk Tier]]="Low Risk", "Approve",AND(Table14[[#This Row],[Risk Tier]]="Medium Risk",Table14[[#This Row],[Years In Business]]>=8),"Approve",AND(Table14[[#This Row],[Risk Tier]]="Medium Risk",Table14[[#This Row],[Years In Business]]<=7),"Refer to Senior Underwriter",Table14[[#This Row],[Risk Tier]]="High Risk","Decline")} -> Approve | Z5: {=_xlfn.IFS(Table14[[#This Row],[Underwriting Decision]]="Approve","Acceptable risk based on overall risk factors",Table14[[#This Row],[Underwriting Decision]]="Refer to Senior Underwriter","Risk level is close to approval threshold. Senior Underwriter needs to approve this.",Table14[[#This Row],[Underwriting Decision]]="Decline", "Risk level is too high based on risk factors")} -> Acceptable risk based on overall risk factors
A6: A05 | B6: Tony's Pizza | C6: Restaurant | D6: 4 | E6: 350000 | F6: 5 | G6: 3 | H6: 45000 | I6: 100000 | J6: No | K6: Yes | L6: Good | M6: {=_xlfn.IFS(OR(Table14[[#This Row],[Industry]]="Automotive",Table14[[#This Row],[Industry]]="Clothing",Table14[[#This Row],[Industry]]="Fast Food"),Guidelines!$C$8,OR(Table14[[#This Row],[Industry]]="Restaurant",Table14[[#This Row],[Industry]]="Retail",Table14[[#This Row],[Industry]]="Delivery"),Guidelines!$E$8,OR(Table14[[#This Row],[Industry]]="Consumer Electronics",Table14[[#This Row],[Industry]]="Auto Repair",Table14[[#This Row],[Industry]]="E-Commerce"),Guidelines!$G$8)} -> 3 | N6: {=_xlfn.IFS(Table14[[#This Row],[Years In Business]]<=2,Guidelines!$G$2,Table14[[#This Row],[Years In Business]]<=6,Guidelines!$E$2,Table14[[#This Row],[Years In Business]]>=7,Guidelines!$C$2)} -> 3 | O6: {=_xlfn.IFS(Table14[[#This Row],[Annual Revenue]]<=400000,Guidelines!$C$9,Table14[[#This Row],[Annual Revenue]]<=1000000,Guidelines!$E$9,Table14[[#This Row],[Annual Revenue]]>=1000001,Guidelines!$G$9)} -> 1 | P6: {=_xlfn.IFS(Table14[[#This Row],[Employees]]<=10,Guidelines!$C$10,Table14[[#This Row],[Employees]]<=20,Guidelines!$E$10,Table14[[#This Row],[Employees]]>=21,Guidelines!$G$10)} -> 1 | Q6: {=_xlfn.IFS(Table14[[#This Row],[Prior Claims]]=0,Guidelines!$C$3,Table14[[#This Row],[Prior Claims]]<=2,Guidelines!$E$3,Table14[[#This Row],[Prior Claims]]>=3,Guidelines!$G$3)} -> 4 | R6: {=_xlfn.IFS(Table14[[#This Row],[Total Losses]]<=15000,Guidelines!$C$4,Table14[[#This Row],[Total Losses]]<=40000,Guidelines!$E$4,Table14[[#This Row],[Total Losses]]>=40001,Guidelines!$G$4)} -> 5 | S6: {=_xlfn.IFS(Table14[[#This Row],[Requested Limit]]=100000,Guidelines!$C$11,Table14[[#This Row],[Requested Limit]]=200000,Guidelines!$G$11)} -> 1 | T6: {=_xlfn.IFS(Table14[[#This Row],[Safety Program]]="Yes",Guidelines!$C$5,Table14[[#This Row],[Safety Program]]="Partial",Guidelines!$E$5,Table14[[#This Row],[Safety Program]]="No",Guidelines!$G$5)} -> 3 | U6: {=_xlfn.IFS(Table14[[#This Row],[Prior Cancellation]]="No",Guidelines!$C$6,Table14[[#This Row],[Prior Cancellation]]="Yes",Guidelines!$G$6)} -> 2 | V6: {=_xlfn.IFS(Table14[[#This Row],[Property Condition]]="Good",Guidelines!$C$7,Table14[[#This Row],[Property Condition]]="Average",Guidelines!$E$7,Table14[[#This Row],[Property Condition]]="Poor",Guidelines!$G$7)} -> 1 | W6: =SUM(Table14[[#This Row],[Industry Risk Score]:[Property Condition Risk Score]]) -> 24 | X6: {=_xlfn.IFS(Table14[[#This Row],[Total Risk Score]]<=20,"Low Risk",Table14[[#This Row],[Total Risk Score]]<=23,"Medium Risk",Table14[[#This Row],[Total Risk Score]]>=24,"High Risk")} -> High Risk | Y6: {=_xlfn.IFS(Table14[[#This Row],[Risk Tier]]="Low Risk", "Approve",AND(Table14[[#This Row],[Risk Tier]]="Medium Risk",Table14[[#This Row],[Years In Business]]>=8),"Approve",AND(Table14[[#This Row],[Risk Tier]]="Medium Risk",Table14[[#This Row],[Years In Business]]<=7),"Refer to Senior Underwriter",Table14[[#This Row],[Risk Tier]]="High Risk","Decline")} -> Decline | Z6: {=_xlfn.IFS(Table14[[#This Row],[Underwriting Decision]]="Approve","Acceptable risk based on overall risk factors",Table14[[#This Row],[Underwriting Decision]]="Refer to Senior Underwriter","Risk level is close to approval threshold. Senior Underwriter needs to approve this.",Table14[[#This Row],[Underwriting Decision]]="Decline", "Risk level is too high based on risk factors")} -> Risk level is too high based on risk factors
A7: A06 | B7: Shop Online | C7: E-Commerce | D7: 8 | E7: 1200000 | F7: 25 | G7: 4 | H7: 80000 | I7: 200000 | J7: Yes | K7: No | L7: Average | M7: {=_xlfn.IFS(OR(Table14[[#This Row],[Industry]]="Automotive",Table14[[#This Row],[Industry]]="Clothing",Table14[[#This Row],[Industry]]="Fast Food"),Guidelines!$C$8,OR(Table14[[#This Row],[Industry]]="Restaurant",Table14[[#This Row],[Industry]]="Retail",Table14[[#This Row],[Industry]]="Delivery"),Guidelines!$E$8,OR(Table14[[#This Row],[Industry]]="Consumer Electronics",Table14[[#This Row],[Industry]]="Auto Repair",Table14[[#This Row],[Industry]]="E-Commerce"),Guidelines!$G$8)} -> 5 | N7: {=_xlfn.IFS(Table14[[#This Row],[Years In Business]]<=2,Guidelines!$G$2,Table14[[#This Row],[Years In Business]]<=6,Guidelines!$E$2,Table14[[#This Row],[Years In Business]]>=7,Guidelines!$C$2)} -> 1 | O7: {=_xlfn.IFS(Table14[[#This Row],[Annual Revenue]]<=400000,Guidelines!$C$9,Table14[[#This Row],[Annual Revenue]]<=1000000,Guidelines!$E$9,Table14[[#This Row],[Annual Revenue]]>=1000001,Guidelines!$G$9)} -> 3 | P7: {=_xlfn.IFS(Table14[[#This Row],[Employees]]<=10,Guidelines!$C$10,Table14[[#This Row],[Employees]]<=20,Guidelines!$E$10,Table14[[#This Row],[Employees]]>=21,Guidelines!$G$10)} -> 3 | Q7: {=_xlfn.IFS(Table14[[#This Row],[Prior Claims]]=0,Guidelines!$C$3,Table14[[#This Row],[Prior Claims]]<=2,Guidelines!$E$3,Table14[[#This Row],[Prior Claims]]>=3,Guidelines!$G$3)} -> 4 | R7: {=_xlfn.IFS(Table14[[#This Row],[Total Losses]]<=15000,Guidelines!$C$4,Table14[[#This Row],[Total Losses]]<=40000,Guidelines!$E$4,Table14[[#This Row],[Total Losses]]>=40001,Guidelines!$G$4)} -> 5 | S7: {=_xlfn.IFS(Table14[[#This Row],[Requested Limit]]=100000,Guidelines!$C$11,Table14[[#This Row],[Requested Limit]]=200000,Guidelines!$G$11)} -> 3 | T7: {=_xlfn.IFS(Table14[[#This Row],[Safety Program]]="Yes",Guidelines!$C$5,Table14[[#This Row],[Safety Program]]="Partial",Guidelines!$E$5,Table14[[#This Row],[Safety Program]]="No",Guidelines!$G$5)} -> 1 | U7: {=_xlfn.IFS(Table14[[#This Row],[Prior Cancellation]]="No",Guidelines!$C$6,Table14[[#This Row],[Prior Cancellation]]="Yes",Guidelines!$G$6)} -> 1 | V7: {=_xlfn.IFS(Table14[[#This Row],[Property Condition]]="Good",Guidelines!$C$7,Table14[[#This Row],[Property Condition]]="Average",Guidelines!$E$7,Table14[[#This Row],[Property Condition]]="Poor",Guidelines!$G$7)} -> 2 | W7: =SUM(Table14[[#This Row],[Industry Risk Score]:[Property Condition Risk Score]]) -> 28 | X7: {=_xlfn.IFS(Table14[[#This Row],[Total Risk Score]]<=20,"Low Risk",Table14[[#This Row],[Total Risk Score]]<=23,"Medium Risk",Table14[[#This Row],[Total Risk Score]]>=24,"High Risk")} -> High Risk | Y7: {=_xlfn.IFS(Table14[[#This Row],[Risk Tier]]="Low Risk", "Approve",AND(Table14[[#This Row],[Risk Tier]]="Medium Risk",Table14[[#This Row],[Years In Business]]>=8),"Approve",AND(Table14[[#This Row],[Risk Tier]]="Medium Risk",Table14[[#This Row],[Years In Business]]<=7),"Refer to Senior Underwriter",Table14[[#This Row],[Risk Tier]]="High Risk","Decline")} -> Decline | Z7: {=_xlfn.IFS(Table14[[#This Row],[Underwriting Decision]]="Approve","Acceptable risk based on overall risk factors",Table14[[#This Row],[Underwriting Decision]]="Refer to Senior Underwriter","Risk level is close to approval threshold. Senior Underwriter needs to approve this.",Table14[[#This Row],[Underwriting Decision]]="Decline", "Risk level is too high based on risk factors")} -> Risk level is too high based on risk factors
A8: A07 | B8: Pear | C8: Consumer Electronics | D8: 10 | E8: 1500000 | F8: 28 | G8: 1 | H8: 7000 | I8: 200000 | J8: Yes | K8: Yes | L8: Average | M8: {=_xlfn.IFS(OR(Table14[[#This Row],[Industry]]="Automotive",Table14[[#This Row],[Industry]]="Clothing",Table14[[#This Row],[Industry]]="Fast Food"),Guidelines!$C$8,OR(Table14[[#This Row],[Industry]]="Restaurant",Table14[[#This Row],[Industry]]="Retail",Table14[[#This Row],[Industry]]="Delivery"),Guidelines!$E$8,OR(Table14[[#This Row],[Industry]]="Consumer Electronics",Table14[[#This Row],[Industry]]="Auto Repair",Table14[[#This Row],[Industry]]="E-Commerce"),Guidelines!$G$8)} -> 5 | N8: {=_xlfn.IFS(Table14[[#This Row],[Years In Business]]<=2,Guidelines!$G$2,Table14[[#This Row],[Years In Business]]<=6,Guidelines!$E$2,Table14[[#This Row],[Years In Business]]>=7,Guidelines!$C$2)} -> 1 | O8: {=_xlfn.IFS(Table14[[#This Row],[Annual Revenue]]<=400000,Guidelines!$C$9,Table14[[#This Row],[Annual Revenue]]<=1000000,Guidelines!$E$9,Table14[[#This Row],[Annual Revenue]]>=1000001,Guidelines!$G$9)} -> 3 | P8: {=_xlfn.IFS(Table14[[#This Row],[Employees]]<=10,Guidelines!$C$10,Table14[[#This Row],[Employees]]<=20,Guidelines!$E$10,Table14[[#This Row],[Employees]]>=21,Guidelines!$G$10)} -> 3 | Q8: {=_xlfn.IFS(Table14[[#This Row],[Prior Claims]]=0,Guidelines!$C$3,Table14[[#This Row],[Prior Claims]]<=2,Guidelines!$E$3,Table14[[#This Row],[Prior Claims]]>=3,Guidelines!$G$3)} -> 2 | R8: {=_xlfn.IFS(Table14[[#This Row],[Total Losses]]<=15000,Guidelines!$C$4,Table14[[#This Row],[Total Losses]]<=40000,Guidelines!$E$4,Table14[[#This Row],[Total Losses]]>=40001,Guidelines!$G$4)} -> 1 | S8: {=_xlfn.IFS(Table14[[#This Row],[Requested Limit]]=100000,Guidelines!$C$11,Table14[[#This Row],[Requested Limit]]=200000,Guidelines!$G$11)} -> 3 | T8: {=_xlfn.IFS(Table14[[#This Row],[Safety Program]]="Yes",Guidelines!$C$5,Table14[[#This Row],[Safety Program]]="Partial",Guidelines!$E$5,Table14[[#This Row],[Safety Program]]="No",Guidelines!$G$5)} -> 1 | U8: {=_xlfn.IFS(Table14[[#This Row],[Prior Cancellation]]="No",Guidelines!$C$6,Table14[[#This Row],[Prior Cancellation]]="Yes",Guidelines!$G$6)} -> 2 | V8: {=_xlfn.IFS(Table14[[#This Row],[Property Condition]]="Good",Guidelines!$C$7,Table14[[#This Row],[Property Condition]]="Average",Guidelines!$E$7,Table14[[#This Row],[Property Condition]]="Poor",Guidelines!$G$7)} -> 2 | W8: =SUM(Table14[[#This Row],[Industry Risk Score]:[Property Condition Risk Score]]) -> 23 | X8: {=_xlfn.IFS(Table14[[#This Row],[Total Risk Score]]<=20,"Low Risk",Table14[[#This Row],[Total Risk Score]]<=23,"Medium Risk",Table14[[#This Row],[Total Risk Score]]>=24,"High Risk")} -> Medium Risk | Y8: {=_xlfn.IFS(Table14[[#This Row],[Risk Tier]]="Low Risk", "Approve",AND(Table14[[#This Row],[Risk Tier]]="Medium Risk",Table14[[#This Row],[Years In Business]]>=8),"Approve",AND(Table14[[#This Row],[Risk Tier]]="Medium Risk",Table14[[#This Row],[Years In Business]]<=7),"Refer to Senior Underwriter",Table14[[#This Row],[Risk Tier]]="High Risk","Decline")} -> Approve | Z8: {=_xlfn.IFS(Table14[[#This Row],[Underwriting Decision]]="Approve","Acceptable risk based on overall risk factors",Table14[[#This Row],[Underwriting Decision]]="Refer to Senior Underwriter","Risk level is close to approval threshold. Senior Underwriter needs to approve this.",Table14[[#This Row],[Underwriting Decision]]="Decline", "Risk level is too high based on risk factors")} -> Acceptable risk based on overall risk factors
A9: A08 | B9: Quick Fix Auto Repair | C9: Auto Repair | D9: 2 | E9: 450000 | F9: 8 | G9: 2 | H9: 25000 | I9: 100000 | J9: No | K9: Yes | L9: Good | M9: {=_xlfn.IFS(OR(Table14[[#This Row],[Industry]]="Automotive",Table14[[#This Row],[Industry]]="Clothing",Table14[[#This Row],[Industry]]="Fast Food"),Guidelines!$C$8,OR(Table14[[#This Row],[Industry]]="Restaurant",Table14[[#This Row],[Industry]]="Retail",Table14[[#This Row],[Industry]]="Delivery"),Guidelines!$E$8,OR(Table14[[#This Row],[Industry]]="Consumer Electronics",Table14[[#This Row],[Industry]]="Auto Repair",Table14[[#This Row],[Industry]]="E-Commerce"),Guidelines!$G$8)} -> 5 | N9: {=_xlfn.IFS(Table14[[#This Row],[Years In Business]]<=2,Guidelines!$G$2,Table14[[#This Row],[Years In Business]]<=6,Guidelines!$E$2,Table14[[#This Row],[Years In Business]]>=7,Guidelines!$C$2)} -> 5 | O9: {=_xlfn.IFS(Table14[[#This Row],[Annual Revenue]]<=400000,Guidelines!$C$9,Table14[[#This Row],[Annual Revenue]]<=1000000,Guidelines!$E$9,Table14[[#This Row],[Annual Revenue]]>=1000001,Guidelines!$G$9)} -> 2 | P9: {=_xlfn.IFS(Table14[[#This Row],[Employees]]<=10,Guidelines!$C$10,Table14[[#This Row],[Employees]]<=20,Guidelines!$E$10,Table14[[#This Row],[Employees]]>=21,Guidelines!$G$10)} -> 1 | Q9: {=_xlfn.IFS(Table14[[#This Row],[Prior Claims]]=0,Guidelines!$C$3,Table14[[#This Row],[Prior Claims]]<=2,Guidelines!$E$3,Table14[[#This Row],[Prior Claims]]>=3,Guidelines!$G$3)} -> 2 | R9: {=_xlfn.IFS(Table14[[#This Row],[Total Losses]]<=15000,Guidelines!$C$4,Table14[[#This Row],[Total Losses]]<=40000,Guidelines!$E$4,Table14[[#This Row],[Total Losses]]>=40001,Guidelines!$G$4)} -> 2 | S9: {=_xlfn.IFS(Table14[[#This Row],[Requested Limit]]=100000,Guidelines!$C$11,Table14[[#This Row],[Requested Limit]]=200000,Guidelines!$G$11)} -> 1 | T9: {=_xlfn.IFS(Table14[[#This Row],[Safety Program]]="Yes",Guidelines!$C$5,Table14[[#This Row],[Safety Program]]="Partial",Guidelines!$E$5,Table14[[#This Row],[Safety Program]]="No",Guidelines!$G$5)} -> 3 | U9: {=_xlfn.IFS(Table14[[#This Row],[Prior Cancellation]]="No",Guidelines!$C$6,Table14[[#This Row],[Prior Cancellation]]="Yes",Guidelines!$G$6)} -> 2 | V9: {=_xlfn.IFS(Table14[[#This Row],[Property Condition]]="Good",Guidelines!$C$7,Table14[[#This Row],[Property Condition]]="Average",Guidelines!$E$7,Table14[[#This Row],[Property Condition]]="Poor",Guidelines!$G$7)} -> 1 | W9: =SUM(Table14[[#This Row],[Industry Risk Score]:[Property Condition Risk Score]]) -> 24 | X9: {=_xlfn.IFS(Table14[[#This Row],[Total Risk Score]]<=20,"Low Risk",Table14[[#This Row],[Total Risk Score]]<=23,"Medium Risk",Table14[[#This Row],[Total Risk Score]]>=24,"High Risk")} -> High Risk | Y9: {=_xlfn.IFS(Table14[[#This Row],[Risk Tier]]="Low Risk", "Approve",AND(Table14[[#This Row],[Risk Tier]]="Medium Risk",Table14[[#This Row],[Years In Business]]>=8),"Approve",AND(Table14[[#This Row],[Risk Tier]]="Medium Risk",Table14[[#This Row],[Years In Business]]<=7),"Refer to Senior Underwriter",Table14[[#This Row],[Risk Tier]]="High Risk","Decline")} -> Decline | Z9: {=_xlfn.IFS(Table14[[#This Row],[Underwriting Decision]]="Approve","Acceptable risk based on overall risk factors",Table14[[#This Row],[Underwriting Decision]]="Refer to Senior Underwriter","Risk level is close to approval threshold. Senior Underwriter needs to approve this.",Table14[[#This Row],[Underwriting Decision]]="Decline", "Risk level is too high based on risk factors")} -> Risk level is too high based on risk factors
A10: A09 | B10: TNT | C10: Automotive | D10: 7 | E10: 2500000 | F10: 35 | G10: 3 | H10: 45000 | I10: 200000 | J10: Yes | K10: No | L10: Average | M10: {=_xlfn.IFS(OR(Table14[[#This Row],[Industry]]="Automotive",Table14[[#This Row],[Industry]]="Clothing",Table14[[#This Row],[Industry]]="Fast Food"),Guidelines!$C$8,OR(Table14[[#This Row],[Industry]]="Restaurant",Table14[[#This Row],[Industry]]="Retail",Table14[[#This Row],[Industry]]="Delivery"),Guidelines!$E$8,OR(Table14[[#This Row],[Industry]]="Consumer Electronics",Table14[[#This Row],[Industry]]="Auto Repair",Table14[[#This Row],[Industry]]="E-Commerce"),Guidelines!$G$8)} -> 1 | N10: {=_xlfn.IFS(Table14[[#This Row],[Years In Business]]<=2,Guidelines!$G$2,Table14[[#This Row],[Years In Business]]<=6,Guidelines!$E$2,Table14[[#This Row],[Years In Business]]>=7,Guidelines!$C$2)} -> 1 | O10: {=_xlfn.IFS(Table14[[#This Row],[Annual Revenue]]<=400000,Guidelines!$C$9,Table14[[#This Row],[Annual Revenue]]<=1000000,Guidelines!$E$9,Table14[[#This Row],[Annual Revenue]]>=1000001,Guidelines!$G$9)} -> 3 | P10: {=_xlfn.IFS(Table14[[#This Row],[Employees]]<=10,Guidelines!$C$10,Table14[[#This Row],[Employees]]<=20,Guidelines!$E$10,Table14[[#This Row],[Employees]]>=21,Guidelines!$G$10)} -> 3 | Q10: {=_xlfn.IFS(Table14[[#This Row],[Prior Claims]]=0,Guidelines!$C$3,Table14[[#This Row],[Prior Claims]]<=2,Guidelines!$E$3,Table14[[#This Row],[Prior Claims]]>=3,Guidelines!$G$3)} -> 4 | R10: {=_xlfn.IFS(Table14[[#This Row],[Total Losses]]<=15000,Guidelines!$C$4,Table14[[#This Row],[Total Losses]]<=40000,Guidelines!$E$4,Table14[[#This Row],[Total Losses]]>=40001,Guidelines!$G$4)} -> 5 | S10: {=_xlfn.IFS(Table14[[#This Row],[Requested Limit]]=100000,Guidelines!$C$11,Table14[[#This Row],[Requested Limit]]=200000,Guidelines!$G$11)} -> 3 | T10: {=_xlfn.IFS(Table14[[#This Row],[Safety Program]]="Yes",Guidelines!$C$5,Table14[[#This Row],[Safety Program]]="Partial",Guidelines!$E$5,Table14[[#This Row],[Safety Program]]="No",Guidelines!$G$5)} -> 1 | U10: {=_xlfn.IFS(Table14[[#This Row],[Prior Cancellation]]="No",Guidelines!$C$6,Table14[[#This Row],[Prior Cancellation]]="Yes",Guidelines!$G$6)} -> 1 | V10: {=_xlfn.IFS(Table14[[#This Row],[Property Condition]]="Good",Guidelines!$C$7,Table14[[#This Row],[Property Condition]]="Average",Guidelines!$E$7,Table14[[#This Row],[Property Condition]]="Poor",Guidelines!$G$7)} -> 2 | W10: =SUM(Table14[[#This Row],[Industry Risk Score]:[Property Condition Risk Score]]) -> 24 | X10: {=_xlfn.IFS(Table14[[#This Row],[Total Risk Score]]<=20,"Low Risk",Table14[[#This Row],[Total Risk Score]]<=23,"Medium Risk",Table14[[#This Row],[Total Risk Score]]>=24,"High Risk")} -> High Risk | Y10: {=_xlfn.IFS(Table14[[#This Row],[Risk Tier]]="Low Risk", "Approve",AND(Table14[[#This Row],[Risk Tier]]="Medium Risk",Table14[[#This Row],[Years In Business]]>=8),"Approve",AND(Table14[[#This Row],[Risk Tier]]="Medium Risk",Table14[[#This Row],[Years In Business]]<=7),"Refer to Senior Underwriter",Table14[[#This Row],[Risk Tier]]="High Risk","Decline")} -> Decline | Z10: {=_xlfn.IFS(Table14[[#This Row],[Underwriting Decision]]="Approve","Acceptable risk based on overall risk factors",Table14[[#This Row],[Underwriting Decision]]="Refer to Senior Underwriter","Risk level is close to approval threshold. Senior Underwriter needs to approve this.",Table14[[#This Row],[Underwriting Decision]]="Decline", "Risk level is too high based on risk factors")} -> Risk level is too high based on risk factors
A11: A10 | B11: Taco King | C11: Fast Food | D11: 9 | E11: 950000 | F11: 12 | G11: 2 | H11: 12000 | I11: 200000 | J11: Partial | K11: Yes | L11: Poor | M11: {=_xlfn.IFS(OR(Table14[[#This Row],[Industry]]="Automotive",Table14[[#This Row],[Industry]]="Clothing",Table14[[#This Row],[Industry]]="Fast Food"),Guidelines!$C$8,OR(Table14[[#This Row],[Industry]]="Restaurant",Table14[[#This Row],[Industry]]="Retail",Table14[[#This Row],[Industry]]="Delivery"),Guidelines!$E$8,OR(Table14[[#This Row],[Industry]]="Consumer Electronics",Table14[[#This Row],[Industry]]="Auto Repair",Table14[[#This Row],[Industry]]="E-Commerce"),Guidelines!$G$8)} -> 1 | N11: {=_xlfn.IFS(Table14[[#This Row],[Years In Business]]<=2,Guidelines!$G$2,Table14[[#This Row],[Years In Business]]<=6,Guidelines!$E$2,Table14[[#This Row],[Years In Business]]>=7,Guidelines!$C$2)} -> 1 | O11: {=_xlfn.IFS(Table14[[#This Row],[Annual Revenue]]<=400000,Guidelines!$C$9,Table14[[#This Row],[Annual Revenue]]<=1000000,Guidelines!$E$9,Table14[[#This Row],[Annual Revenue]]>=1000001,Guidelines!$G$9)} -> 2 | P11: {=_xlfn.IFS(Table14[[#This Row],[Employees]]<=10,Guidelines!$C$10,Table14[[#This Row],[Employees]]<=20,Guidelines!$E$10,Table14[[#This Row],[Employees]]>=21,Guidelines!$G$10)} -> 2 | Q11: {=_xlfn.IFS(Table14[[#This Row],[Prior Claims]]=0,Guidelines!$C$3,Table14[[#This Row],[Prior Claims]]<=2,Guidelines!$E$3,Table14[[#This Row],[Prior Claims]]>=3,Guidelines!$G$3)} -> 2 | R11: {=_xlfn.IFS(Table14[[#This Row],[Total Losses]]<=15000,Guidelines!$C$4,Table14[[#This Row],[Total Losses]]<=40000,Guidelines!$E$4,Table14[[#This Row],[Total Losses]]>=40001,Guidelines!$G$4)} -> 1 | S11: {=_xlfn.IFS(Table14[[#This Row],[Requested Limit]]=100000,Guidelines!$C$11,Table14[[#This Row],[Requested Limit]]=200000,Guidelines!$G$11)} -> 3 | T11: {=_xlfn.IFS(Table14[[#This Row],[Safety Program]]="Yes",Guidelines!$C$5,Table14[[#This Row],[Safety Program]]="Partial",Guidelines!$E$5,Table14[[#This Row],[Safety Program]]="No",Guidelines!$G$5)} -> 2 | U11: {=_xlfn.IFS(Table14[[#This Row],[Prior Cancellation]]="No",Guidelines!$C$6,Table14[[#This Row],[Prior Cancellation]]="Yes",Guidelines!$G$6)} -> 2 | V11: {=_xlfn.IFS(Table14[[#This Row],[Property Condition]]="Good",Guidelines!$C$7,Table14[[#This Row],[Property Condition]]="Average",Guidelines!$E$7,Table14[[#This Row],[Property Condition]]="Poor",Guidelines!$G$7)} -> 4 | W11: =SUM(Table14[[#This Row],[Industry Risk Score]:[Property Condition Risk Score]]) -> 20 | X11: {=_xlfn.IFS(Table14[[#This Row],[Total Risk Score]]<=20,"Low Risk",Table14[[#This Row],[Total Risk Score]]<=23,"Medium Risk",Table14[[#This Row],[Total Risk Score]]>=24,"High Risk")} -> Low Risk | Y11: {=_xlfn.IFS(Table14[[#This Row],[Risk Tier]]="Low Risk", "Approve",AND(Table14[[#This Row],[Risk Tier]]="Medium Risk",Table14[[#This Row],[Years In Business]]>=8),"Approve",AND(Table14[[#This Row],[Risk Tier]]="Medium Risk",Table14[[#This Row],[Years In Business]]<=7),"Refer to Senior Underwriter",Table14[[#This Row],[Risk Tier]]="High Risk","Decline")} -> Approve | Z11: {=_xlfn.IFS(Table14[[#This Row],[Underwriting Decision]]="Approve","Acceptable risk based on overall risk factors",Table14[[#This Row],[Underwriting Decision]]="Refer to Senior Underwriter","Risk level is close to approval threshold. Senior Underwriter needs to approve this.",Table14[[#This Row],[Underwriting Decision]]="Decline", "Risk level is too high based on risk factors")} -> Acceptable risk based on overall risk factors

Sheet Pivot Tables
A1: Row Labels | B1: Count of Underwriting Decision
A2: Approve | B2: 4
A3: Refer to Senior Underwriter | B3: 2
A4: Decline | B4: 4
A5: Grand Total | B5: 10
A8: Row Labels | B8: Sum of Total Risk Score
A9: Corner Street Market | B9: 20
A10: Fara | B10: 21
A11: Olivia's Café | B11: 18
A12: Pear | B12: 23
A13: Quick Fix Auto Repair | B13: 24
A14: Shop Online | B14: 28
A15: Speedy's Food Delivery | B15: 21
A16: Taco King | B16: 20
A17: TNT | B17: 24
A18: Tony's Pizza | B18: 24
A19: Grand Total | B19: 223
